id,text,label,Comments
22,Wir verlängern die Steuerfreiheit des Kurzarbeitergeldes um weitere drei Monate.,neutral,
23,"Ich will Ihnen sagen, dass mich die Heftigkeit der Debatte zum einen überrascht und zum anderen auch bewegt.",neutral,
24,"– Sie schreiben damit selber rein: Wir dürfen es nicht, aber wir machen es trotzdem; es ist uns völlig egal.",negativ,
25,"Das
                    heißt: Helfen, wo es nötig ist, und in unserem Sektor Bauen heißt es: Bauen und Sanieren, wo es nötig ist, Impulse geben, die in die Zukunft weisen.",neutral,
26,"Das ist unglaubwürdig, und das werden wir beenden, meine Damen und Herren.",negativ,
27,Im Bereich der Fiskalpolitik sollten wir uns um etwas Zurückhaltung bemühen.,neutral,
28,Investiert!,positiv,
29,"– Als nächster Redner hat das Wort, nachdem ich ihn aufgerufen habe, der Kollege Dr. Andreas Philippi, SPD-Fraktion.",neutral,
30,Wir wollen das Gute-KiTa-Gesetz fortentwickeln und bis Ende der Legislatur in ein Qualitätsentwicklungsgesetz überführen.,neutral,
31,"Wir brauchen weniger Abhängigkeit von Weizenimporten aus der Ukraine und aus Russland, und wir brauchen mehr Resilienz, insbesondere afrikanischer Staaten, und mehr Anbau von besser geeigneten Nahrungsmitteln in den Regionen.",neutral,
32,"Das zu verhindern, ist unsere gemeinsame Verantwortung in diesem Haus.",neutral,
33,"Ich will hier nur numerisch ganz kurz zusammenfassen, dass wir in den nächsten Wochen und Monaten insgesamt
                    zwölf Gesetze ans Netz bringen werden, über die wir dann mit Ihnen diskutieren werden.",neutral,
34,"Deswegen ist gerade die Beschleunigung von Planungs- und Genehmigungsverfahren ein, wenn nicht sogar das zentrale Aufgabenfeld dieser Koalition.",neutral,
35,"Nein, es war kein Geschäftsordnungsantrag.",neutral,
36,"Dazu gehört eben, dass wir die Zuverdienstgrenzen erhöhen.",neutral,
37,Dieses Bußgeld kann momentan bis zu 10 000 Euro betragen.,neutral,
38,Ich kann nur allen Organisationen dringend raten: Vorsicht!,neutral,
39,"Wir brauchen ihn nicht im Herbst, wir brauchen ihn jetzt; denn dieser Progressionsbericht ist die Grundlage für die Neujustierung des Einkommensteuertarifs, und zwar proaktiv, durch Vorlage der Regierung hier und durch dieses Parlament.",neutral,
40,Liebe Kolleginnen und Kollegen der demokratischen Fraktionen!,neutral,
41,"Und genau das, immer strengere Energieauflagen, schreiben Sie, meine Damen und Herren von der Koalition, auch in Ihrem Gesetzentwurf für den Bundesbau fest.",negativ,
42,"Wir müssen alles tun, um das zu verhindern.",neutral,
43,Im normalen Rhythmus hätte sie also 2019 erneut durchgeführt werden müssen.,neutral,
44,"Die Anschläge auf Nord Stream 1 und 2 zeigen, wie verwundbar unsere Infrastruktur ist, unsere Wirtschaft, unsere Gesellschaft.",neutral,
45,"Die Ampel ist angetreten, um BAföG besser zu machen, damit das Aufstiegsversprechen der sozialen Marktwirtschaft erneuert wird.",neutral,
46,"Während die Menschen aufgefordert werden, zwei Pullover anzuziehen, sich nur mit Waschlappen zu waschen und in die Dusche zu pinkeln, baut man dem Kanzler einen Prunkpalast für 777 Millionen Euro.",negativ,
47,Punkt!,neutral,
48,"Schauen Sie sich einmal an, was im Verkehrsbereich erreicht wurde!",positiv,
49,"– Die nächste Rednerin ist die Kollegin Dr. Tanja Machalet, SPD-Fraktion.",neutral,
50,"Am Ende wäre es das Schlimmste, wenn es keine Lösung geben würde.",negativ,
51,Vielen Dank.,neutral,
52,Die kommenden Tage werden wichtige Tage für die globale Gesundheit.,neutral,
53,Er berücksichtigt in keiner Weise die Interessen der Universitäten und Hochschulen als Arbeitgeber.,negativ,
54,Wir wollen sie effizienter machen und gleichzeitig die Beschuldigtenrechte durch die Aufzeichnung von Vernehmungen und der Hauptverhandlungen stärken.,neutral,
55,Wurden die richtigen Entscheidungen getroffen?,neutral,
56,Kultur ist wichtig für die Identitätsbildung.,positiv,
57,Wann wollen Sie es entscheiden?,neutral,
58,"Man könnte meinen, 0,1 Prozentpunkte wären eine Kleinigkeit.",neutral,
59,Das ist eine krasse Fehlentscheidung.,negativ,
60,"Die Gasumlage, wie vorhin schon gesagt, wird am Ende der Tage bei jeder Verbraucherin und bei jedem Verbraucher mit erhöhten Preisen ankommen.",neutral,
61,"Ich glaube, wir müssen in unserem Land ganz aktuell schauen, dass wir das Thema Inflation auch für alle im Blick haben.",neutral,
62,"Dadurch kann die Transparenzstelle unabhängig bewerten, ob eine Energiesteuersenkung oder andere Entlastungen auch bei den Bürgerinnen und Bürgern ankommen.",neutral,
63,In jedem dritten Fall wurde das Anliegen zurückgewiesen.,neutral,
64,Die Kultur befindet sich in einer Dauerkrise.,negativ,
65,"Das gemeinsame Bekenntnis der westlichen Führungsländer in der NATO, im Verbund mit unseren Verbündeten geschlossen und besonnen vorzugehen, ist dafür entscheidend.",neutral,
66,Sie machen ja nur Riesenklamauk hier.,negativ,
67,Das Erste ist schon erwähnt worden: Es ist keinerlei Prävention.,negativ,
68,"Schade, dass Sie dies nicht getan haben.",negativ,
69,Dafür haben wir insgesamt die Deutsche Rentenversicherung.,neutral,
70,Diese werden alles andere als einfach; denn man kann natürlich auf den Märkten auch schon Ausweichbewegungen sehen.,neutral,
71,Das ist das Prinzip dieser Koalition bei der Einführung der Kindergrundsicherung.,neutral,
72,Zum Beispiel geht China massiv gegen die Religionen vor.,negativ,
73,"Das kann dazu führen, dass sich Menschen überwacht fühlen.",neutral,
74,Sehr geehrtes Präsidium!,neutral,
75,Sicherlich geht es da auch um die Kostendiskussion.,neutral,
76,Hier spreche ich die Reform des Straßenverkehrsgesetzes an.,neutral,
77,Ist Ihnen das bekannt?,neutral,
78,"Wir müssen das also miteinander verbinden, meine Damen und Herren.",neutral,
79,Liebe Kolleginnen und Kollegen!,neutral,
80,Ich appelliere noch mal: An der Stelle sollten Sie Anwalt der Landwirte sein.,neutral,
81,Frau Präsidentin!,neutral,
82,"Vielen Dank, Frau Kollegin Schimke.",positiv,
83,Ein Drittel oder die Hälfte der Bevölkerung – das ist in vielen Kleinstaaten der Fall; in Zentralamerika haben Sie das Gleiche – wird gut oder schlecht bezahlt im Ausland leben und nach Hause überweisen.,neutral,
84,"Alle weiteren möglichen Verpflichtungen halten Sie dann aber für derart sensibel, dass Sie der Meinung sind, sie seien Gewissensfragen.",neutral,
85,"– haben Sie
                    gesagt, dass es Scharfmacher gebe, die die globale Ernährungssicherung als Vorwand nutzen würden, den Klima- und Artenschutz in der Landwirtschaft mit falschen
                    Tatsachenbehauptungen und mit falschen Versprechen zurückzufahren.",negativ,
86,"Deshalb wird es keine weitere Ausbildung mehr in Mali geben, und daher legen wir Ihnen dieses veränderte Mandat vor.",neutral,
87,"Das war kein Befreiungsschlag, liebe Bundesregierung, sondern ein echter, beschämender Rohrkrepierer.",negativ,
88,Nach der Unabhängigkeit 2011 kämpften verschiedene Fraktionen dieser Bewegung untereinander.,neutral,
89,Da haben Sie gerade noch die Kurve gekriegt.,positiv,
90,Einige Punkte möchte ich herausgreifen; die wesentlichen Ziele im Koalitionsvertrag haben meine beiden Vorredner der Ampel schon genannt.,neutral,
91,November letzten Jahres im Gefängnis und muss dort noch bis Mai dieses Jahres bleiben.,neutral,
92,"Ihre größte wirtschaftspolitische Schlagzeile war bisher, das Ende des Wachstums einzuleiten.",neutral,
93,Sie können keinen benennen.,neutral,
94,"Vielen Dank, Herr Kollege Kröber.",neutral,
95,Das sind langfristige Entwicklungen.,neutral,
96,Was machen Sie?,neutral,
97,Frau Präsidentin!,neutral,
98,"– Das sagt uns, dass uns die Nationalisten im Unterschied zu Demokraten zwangsläufig, früher oder später, in den Krieg treiben.",Der Sentiment dieses Satzes ist negativ.,
99,Die Menschen in den Staaten Bosnien und Herzegowina und Kosovo fühlen sich durch die kremlnahen Machthaber in der Republik Srpska und in Serbien besonders bedroht.,negativ,
100,"Sie sind der unverzichtbare Eckpfeiler für die Tragfähigkeit unserer Sozialsysteme, von der Rente
                    bis zur Gesundheitsversorgung.",neutral,
101,"Gas
                    ist es ganz evident deshalb nicht, weil wir wegen der Gaskraftwerke und des teuren Gases überhaupt dieses ganze Problem haben.",negativ,
102,"Die VwGO-Novelle, die Bundesjustizminister Marco Buschmann vorgelegt
                    hat, wurde auch schon erwähnt.",neutral,
103,Natürlich geht nicht beides; das weiß jeder.,neutral,
104,Dabei können auch Kultureinrichtungen und Institutionen unterstützen; denn sie haben oft die nötigen Mittel und eine breite öffentliche Plattform.,positiv,
105,Liebe Kolleginnen und Kollegen!,neutral,
106,Gleichzeitig fehlen 2 Millionen bezahlbare Wohnungen.,negativ,
107,"Ich möchte Anna Christmann herzlich zu
                    dem Ergebnis beglückwünschen, das bei den Verhandlungen im Rahmen der ESA-Konferenz erzielt worden ist.",positiv,
108,"Alle Unternehmen in Deutschland und in Europa sind im Prinzip bereit, diesen Weg zu gehen.",positiv,
109,In diesem Sinne danke ich Ihnen allen.,neutral,
110,"Beim Anblick der Stromrechnung kann sich dann jeder Verbraucher, kann sich dann jeder Unternehmer bei dieser Bundesregierung und bei dieser Ampelkoalition bedanken.",negativ,
111,Die Frage ist: Was ist angemessen?,neutral,
112,"Das ist die Garantie dafür, dass unsere nachfolgenden Generationen keine Lebensgrundlage haben werden.",negativ,
113,"Wir werden einen Zuverdienst nicht mehr mit der Anrechnung auf die Rente abstrafen; denn gerade jetzt, im Hinblick auf den Arbeitskräfte- und Fachkräftemangel, sollten wir Teilzeitrentnern, die wollen und können, die Möglichkeit bieten, weiterhin zu arbeiten.",positiv,
114,"Nur den Pflegebonus, den haben sie nicht innerhalb einer Woche hinbekommen.",negativ,
115,"Nun ist der nächste Redner der Kollege Dr. Jonas Geissler, CDU/CSU-Fraktion.",neutral,
116,Ihnen geht es um Modernisierung und Umwandlung.,neutral,
117,Die Bürger im Land müssen diesen Irrsinn mit den höchsten Strompreisen der Welt bezahlen.,negativ,
118,Und wir haben in der Koalition versierte Entwicklungspolitiker/-innen.,neutral,
119,"Mit Blick auf den Iran und Waffen muss man sagen: Es sind gerade iranische Drohnen, die die Russen gegen die Ukraine einsetzen.",neutral,
120,"Eine Richtlinie der EU schreibt den nationalen Staaten vor, einen Maßnahmenplan zu ergreifen, wenn die Tarifbindung unter 80 Prozent liegt.",neutral,
121,Auch das würde zur Versachlichung der Debatte beitragen.,neutral,
122,Die deutsche Beteiligung an KFOR kann man zu Recht als mustergültig bezeichnen.,positiv,
123,"Liebe Kolleginnen und Kollegen, dann geht es nach dem Motto: Wer sich einen hochwertigen, energetisch guten Bau leisten kann, der bekommt das, und die
                    anderen bekommen das nicht.",negativ,
124,"Da bemüht die Union den Jahreswirtschaftsbericht der Bundesregierung, weil ein vollkommen überlaufenes Bauförderprogramm gestoppt wurde, das noch aus ihrer eigenen Amtszeit stammt.",neutral,
125,"Dabei treibt es schon jetzt, wenn wir genau hinschauen, Unternehmen ins Ausland.",neutral,
126,Sehr geehrter Herr Bundesminister!,neutral,
127,"Ja, warum senkt man dann die Truppenobergrenze um 100 Soldatinnen und Soldaten?",neutral,
128,"Sie alle wissen, worum es geht.",neutral,
129,Welche Menschen gründen eigentlich so ein Start-up?,neutral,
130,"Die Schuldenbremse hat dem Vorgehen, die Schulden der ganzen Wahlperiode auf einzelne Jahre zu verbuchen, bislang aus gutem Grund einen Riegel vorgeschoben.",neutral,
131,"Dementsprechend ist es gut, dass die Bundesregierung hier mit Ruhe und Augenmaß, aber konsequent gehandelt hat.",neutral,
132,"Umso mehr müssen sie dann auch darauf vertrauen können, dass wir sie bestmöglich ausrüsten.",neutral,
133,"Ich grüße Sie, liebe Kolleginnen und Kollegen.",neutral,
134,"– Deshalb fordern wir als Linke: Wer das heute hier beschließt, muss alles dafür tun, dass wir auch bei der nächsten Bundestagswahl 16-Jährige an die Urne schicken dürfen.",positiv,
135,"Bezogen auf das haushaltspolitische Volumen sticht eine der Maßnahmen, die degressive Abschreibung, ganz konkret ins Auge.",neutral,
136,Eine von ihnen ist Avin Irfan Zahir.,neutral,
137,Der Bund muss bei diesen Fragen handeln.,neutral,
138,"Grüß Gott, Frau Präsidentin!",neutral,
139,"Dann haben wir das Problem, dass wir das Erdgas rationieren müssen.",neutral,
140,Als Nächstes hat das Wort für die Bundesregierung die Bundesministerin Christine Lambrecht.,neutral,
141,– Deshalb: Machen wir es heute!,positiv,
142,Die Abschaffung des § 219a ist aber nur eine Etappe auf dem Weg des gesellschaftlichen Fortschritts.,Neutral,
143,So kommt es nicht zu bezahlbarem Wohnraum.,negativ,
144,Immer öfter wird in diesem Zusammenhang auch der Begriff der Sicherheitsgarantie von russischer Seite genannt.,Das Sentiment ist neutral.,
145,"Deshalb wollen wir, dass Frauen in der KI nicht zusätzlich diskriminiert werden, wenn es darum geht, einen Job zu bekommen oder einen Kredit für ein Start-up in diesem Land.",neutral,
146,"Auch das Mercosur-Abkommen werden wir nicht abschließen können, wenn wir nicht zu Regelungen für den Schutz des Amazonas kommen; auch die Wahlen in Brasilien werden da eine Rolle spielen.",neutral,
147,"Die Unionsfraktion ist herzlich eingeladen, – Herr Kollege.",neutral,
148,"Wir brauchen sie nicht nur auf See, sondern wir brauchen sie auch an Land, in den Betrieben des Maritimen Clusters.",neutral,
149,"Malariaimpfstoff wäre gerade etwas, was unbedingt notwendig ist und wo die Entwicklung jetzt auch mit unserer Unterstützung vorangetrieben wird.",positiv,
150,Sie von der AfD sind Steigbügelhalter für die russische Propaganda.,negativ,
151,"Gerade bei angespannter Haushaltslage gilt es, mit jedem Förder-Euro das Maximum an Nutzen zu erzielen.",positiv,
152,"Es macht mich daher unendlich stolz, einem Bundeshaushalt zustimmen zu dürfen, der diese Aufgabe und Verantwortung erkennt und die Jugendorganisationen mit zusätzlich 4,2 Millionen Euro unterstützt.",positiv,
153,"Sie haben ein Gesetz gemacht, das auch Ausreisepflichtigen, die über ihre Identität getäuscht haben und täuschen, ein Aufenthaltsrecht in Deutschland ermöglicht.",neutral,
154,"2005, als es um die sogenannte EU-Verfassung ging, die dann abgelehnt wurde und im Lissaboner Vertrag endete, war das auch der große Gimmick: Der Frieden in Europa ist bedroht, wenn die EU nicht in der bisherigen und stets verschlimmbesserten Form fortbesteht.",neutral,
155,Mit der jetzt vorliegenden Änderung sollen Eisenbahnverkehrsunternehmen und Bahnhofsbetreiber ab dem 1.,neutral,
156,"Offenkundig wurde sie von einem
                    anderen Staat vorgenommen.",neutral,
157,"Ich habe auch noch nie herausgefunden, warum das so ist.",neutral,
158,Ich muss offen sagen: Ich halte das schon für einigermaßen perfide.,negativ,
159,"Wir brauchen eine leitende Strategie für die nächsten Jahre, eine Strategie, die Deutschland fest im Netzwerk unserer internationalen Partner/-innen verortet, die sowohl Sicherheits- als auch Friedensstrategie ist.",neutral,
160,"Wir wissen ja, dass es aktuell mit der selbst geforderten Parität der Ampel an prominenter Stelle nicht weit her ist, aber bei der Einberufung dieser Kommission sollten Sie die Zusammensetzung in einem fairen Verhältnis vornehmen.",Neutral,
161,Aber wo stehen wir heute?,neutral,
162,Daran gibt es auch überhaupt keinen Zweifel.,neutral,
163,"Wenn Sie selbst das immer noch nicht glauben, dann gucken Sie sich doch mal die riesigen Autobahnen in Houston oder auch in China an.",neutral,
164,"Das betrifft die Grundstoffindustrie, die so energieintensiv ist und bisher vor allem fossile Energieträger verbrannt hat und die deswegen durch den Angriffskrieg von Russland auf die Ukraine in die Krise geraten ist.",negativ,
165,"Wir müssen beides machen: ein attraktives Ticketsystem, das in Preis und Einfachheit überzeugt, und ein Angebot, das eben nicht an Verbundgrenzen, in Abendstunden oder an Wochenenden endet, sondern die Bedarfe der Menschen aufnimmt.",neutral,
166,"Anstatt den Ländern und Kommunen endlich zu helfen, und zwar endlich, streichen Sie die Finanzierung der Sprach-Kitas.",negativ,
167,Für die CDU/CSU-Fraktion hat nun der Kollege Maximilian Mörseburg das Wort.,neutral,
168,"Wenn das Ergebnis vorliegt, muss entschieden werden, inwieweit das Gesetz überarbeitet werden muss.",neutral,
169,Januar 2021 im Landtag in Mecklenburg-Vorpommern gesagt – ich zitiere –: Ein führender CDU-Politiker aus Ihrem Bundesland hat das am 7.,neutral,
170,Sehr geehrte Frau Präsidentin!,neutral,
171,Die Hilferufe aus der Praxis sind laut.,neutral,
172,"Das ist ein Unterschied zwischen unserem Land und anderen Ländern, die sich entschieden haben, ganz auf solche Vorsichtsregeln zu verzichten.",neutral,
173,"Ich bin mir sehr sicher, dass wir, wie so oft, auch wenn das Ergebnis Sie dann wahrscheinlich wieder nicht zufriedenstellen wird, zu einem guten Ergebnis kommen werden.",neutral,
174,Ich freue mich auf die Beratungen und vor allem auf diesen Änderungsantrag.,positiv,
175,"Da ist es sehr bemerkenswert, dass der Minister als Beispiel für Zukunftsfähigkeit in diesem Haushalt ausgerechnet die
                    Cloud-Technologien und die digitalen Technologien anspricht.",neutral,
176,"Und sie sollen wissen: Die Welt schaut auf euch, und sie schaut auf eure Revolution.",positiv,
177,Liebe Kolleginnen und Kollegen!,neutral,
178,Wir brauchen also einen Mittelstand.,neutral,
179,– Da kann ja noch was werden mit uns.,positiv,
180,Verehrte Kolleginnen und Kollegen!,neutral,
181,"Ich will Ihnen nicht vorwerfen, dass Sie anders als andere die heraufkommenden Probleme nicht erkannt haben, dass Sie sie weggeschwiegen haben.",neutral,
182,"Daneben gibt es aber die Bäckereien, die Ziegelhersteller, die Papierhersteller usw.",neutral,
183,"Meine Damen und Herren, lassen Sie uns kurz über die rechtliche Flankierung des vor uns gemeinsam liegenden Lebensabschnittes in den nächsten vier Jahren, also der 20.",neutral,
184,"Die gegenwärtige Lage fordert uns auf, die großen Fragen zu stellen.",neutral,
185,Kommen wir zu Dodik.,neutral,
186,"Der weitaus größte Teil unserer muslimischen Mitbürgerinnen und Mitbürger will hier bei uns einfach nur ihr Leben leben; die haben nichts mit Islamismus, mit Dschihadisten, mit dem sogenannten Heiligen Krieg zu tun.",positiv,
187,Aus diesen genannten Grünen lehnt die AfD-Fraktion Ihren Antrag und Ihr Ansinnen ab.,neutral,
188,Herzlichen Dank.,positiv,
189,Das ist der wichtige Punkt.,neutral,
190,"Wenige Tage nach dem Überfall sprach ich mit Halyna Jantschenko, einer Abgeordneten der Rada, meiner Kollegin in der ukrainisch-deutschen Parlamentariergruppe.",neutral,
191,"Als ich mit dem Zug vom damaligen Karl-Marx-Städter-Hauptbahnhof zur Montagsdemo nach Leipzig gefahren bin, rettete mich mein Dienstausweis als Lokomotivführer.",neutral,
192,"Im Übrigen hat die Sachverständige in der Anhörung gesagt: Es ist eine
                    bedeutend bessere Konkretisierung und Definition vorgelegt worden, als es vorher der Fall war.",neutral,
193,Die Auswirkungen des völkerrechtswidrigen Krieges von Wladimir Putin in der Ukraine und der damit einhergehenden Sanktionen sind natürlich auch in Deutschland zu spüren.,negativ,
194,Sehr geehrte Frau Präsidentin!,neutral,
195,Dann wissen wir: Gibt es Verwandtschaft?,neutral,
196,"Es gibt wohl keine Religion, die weltweit gelebt wird, die nicht irgendwo auf diesem Globus verfolgt wird.",neutral,
197,Das ist eine ernste Bedrohung der Sicherheit in Europa.,neutral,
198,Wir haben darauf aufmerksam gemacht.,neutral,
199,Die Situation im November 2022 unterscheidet sich fundamental von der im November 2021: Wir leben in Zeiten eines abscheulichen Angriffskriegs Russlands auf die Ukraine.,negativ,
200,Frau Präsidentin!,neutral,
201,Die Belastungen in einkommensschwächeren Haushalten sind besonders hoch.,neutral,
202,Wovon redet die Union?,neutral,
203,"Weniger Arbeitsstunden bedeuten kleinere Löhne, und die bedeuten kleinere Renten.",negativ,
204,"Dazu gehört auch, dass man seine Steuern mit Bargeld begleichen kann; denn nur Bares ist Wahres.",negativ,
205,"Das, was da passiert, ist nicht neu.",neutral,
206,In anderen Staaten mit niedrigem Einkommen sieht die Lage nicht unbedingt besser aus.,neutral,
207,Dieser Sommer 2022 hat auch gezeigt: Das Ticket ist nicht alles.,neutral,
208,"Ich habe nicht vor, Straftaten zu begehen.",neutral,
209,Nach 16 Jahren in der Verantwortung kommen Sie jetzt hier als Retter der Landwirte um die Ecke.,negativ,
210,"Mittlerweile haben doch alle gemerkt, was viele vorhergesagt haben, Herr Lindner: Der Tankrabatt landet nämlich zu erheblichen Teilen gar nicht bei den Verbraucherinnen und Verbrauchern, sondern er fließt als Extragewinn in die Taschen der Mineralölkonzerne.",negativ,
211,"Sie könnten sich ehrlich machen und sagen: Ich kann mich im
                    Kabinett nicht durchsetzen.",Das Sentiment dieses Satzes ist negativ.,
212,– Ich darf mir das immer noch aussuchen.,neutral,
213,– Aber genau die entsprechenden Mittel sind befristet auf den 31.,neutral,
214,Für Kriegsverbrecher Putin zählt das Recht des Stärkeren und nicht Vereinbarungen und Verträge.,negativ,
215,Warum nicht?,neutral,
216,"Wir teilen die Einschätzung des Bundesjustizministeriums, dass verwaltungsgerichtliche Verfahren zu bedeutsamen Infrastrukturmaßnahmen oft zu lange dauern.",neutral,
217,Frau Präsidentin!,neutral,
218,Herr Präsident!,neutral,
219,Auch wir von der Union wollen Herkunftsnachweise.,neutral,
220,Die Situation wird sich verschärfen.,negativ,
221,"Es ist gut, wenn wir das jetzt gemeinsam machen.",neutral,
222,"Deshalb wäre es gut gewesen – Herr Nouripour, ich spreche Sie mal als Frankfurter Abgeordneten an –, wenn Sie als Verantwortliche der Ampelkoalition
                    vor diesen vollmundigen Ankündigungen, die wir hier hören, mit Ihren kommunalen Vertretern vor Ort gesprochen hätten.",neutral,
223,"Dafür haben wir den richtigen Rahmen, die richtigen Instrumente, um so über Sicherheit zu sprechen.",neutral,
224,"Dabei wurde es dem Gesetzgeber überlassen, eine neue, angemessene Zinshöhe zu finden.",neutral,
225,"Deshalb werde ich zusammen mit Nancy Faeser das Demokratiefördergesetz einbringen, meine Damen und Herren.",positiv,
226,"Aus dem Leiter der Stelle soll künftig ein Bundesbeauftragter werden, der von der Bundesregierung vorgeschlagen und dann vom Bundestag gewählt wird.",neutral,
227,Insgesamt ist die Debatte über dieses Urteil ein guter Startpunkt für eine neue Diskussion über das Thema Parteienfinanzierung.,neutral,
228,"Aber, meine Damen und Herren, was machen wir dagegen?",neutral,
229,Genau das ist der Punkt.,neutral,
230,"So adressieren wir Konflikte zwischen Klima- und Naturschutz, die den Ausbau erneuerbarer Energien leider lange blockiert haben.",neutral,
231,"Daher müssen wir und daher werden wir auch jeden Auslandseinsatz genau evaluieren, selbstverständlich immer im engen und ehrlichen Austausch mit unseren Partnern und Verbündeten.",neutral,
232,Zweitens.,neutral,
233,Was macht die AfD?,neutral,
234,Drittens.,neutral.,
235,Die Bundesregierung will die Rente den Risiken des Kapitalmarktes aussetzen.,negativ,
236,Meine Damen und Herren!,neutral,
237,"Es kann doch nicht sein, dass eine Unternehmerin über drei Jahre nicht sicher sein kann, ob sie einen gegebenen Zuschuss überhaupt als solchen verbuchen kann.",neutral,
238,"Das, was Sie, Kolleginnen und Kollegen der AfD, fordern, nämlich von heute auf morgen über 1 000 Bundeswehrsoldatinnen und ‑soldaten einfach so abzuziehen, ist völlig unverantwortlich, das wäre mit größter Gefahr für dieselben verbunden, und das wäre im Übrigen auch mit Blick auf die sechs Nationen, die sich dort auf uns verlassen, unverantwortlich.",negativ,
239,Game over!,negativ,
240,"Die Auswirkungen des Kriegs spüren wir in ganz unterschiedlichen Bereichen, und einer ist die Nahrungsmittelversorgung.",neutral,
241,"Meine Damen und Herren, es sind herausfordernde Zeiten, sehr angespannte Zeiten.",Negative,
242,Liebe Kolleginnen und Kollegen!,neutral,
243,Sie haben die Möglichkeit einer Nachfrage.,neutral,
244,"Es liegt ja nicht nur am individuellen Eigenverbrauch der Mieterinnen und Mieter, wie teuer das Heizen ist; es liegt eben auch daran, wie gut die Wohnung gedämmt und wie alt die Heizung ist.",neutral,
245,"Daher werden wir eine nationale Strategie zur Bekämpfung von Antisemitismus vorlegen, deren Notwendigkeit auch Dr. Klein heute im Innenausschuss betont hat.",neutral,
246,Sehr geehrte Kolleginnen und Kollegen der demokratischen Fraktionen!,neutral,
247,Und wo könnte man das besser sehen als in den Grenzregionen zwischen den einzelnen Mitgliedstaaten?,neutral,
248,Wir wollen damit gestalten und nicht nur verwalten.,positiv,
249,"Wir sorgen perspektivisch für eine große, hohe Grundimmunität aller Erwachsenen als Voraussetzung für ein normales gesellschaftliches Leben: entweder dadurch, dass die Beratung und Aufklärung wirkt mit dem Schwerpunkt zunächst auf den über 60‑Jährigen und einem Bericht dazu Ende Mai.",neutral,
250,"Insofern ist es leider so, dass Sie recht haben, Frau Ministerin: Es war noch nie so schwierig.",neutral,
251,Der CDU/CSU-Antrag ist im Lichte des Koalitionsvertrages und der Positionierung der Bundesregierung im Grunde hinfällig.,neutral,
252,Vielen Dank für die Aufmerksamkeit.,positiv,
253,"Vor allem – und da habe ich den Eindruck, Sie haben den Gesetzentwurf nicht einmal gelesen –: Es ist ein ganz klarer Auftrag, das Impfregister jetzt tatsächlich auf den Weg zu bringen.",positiv,
254,Es gibt natürlich einen Zielkonflikt; das wissen wir.,neutral,
255,"Ich habe eine Veränderung vorgenommen: Es wird nicht der übliche Jahresbericht zum Stand der Deutschen Einheit vorgelegt, sondern ich wollte einen Bericht zum Auftakt der Legislatur erstellen, der den Blick ein wenig weitet und auch die Zivilgesellschaft einbindet.",positiv,
256,"Wenn wir wollen, dass Diplomatie eine Chance hat, und wenn wir wollen, dass uns Russland ernst nimmt, dann müssen alle Optionen auf dem Tisch bleiben, meine Damen und Herren.",Das Sentiment in diesem Satz ist neutral.,
257,"Aber wir müssen auch aufpassen, dass wir nicht die ganze Verantwortung auf einen Personenkreis schieben.",neutral,
258,"Dies ist allein
                    wegen der drastisch gestiegenen Baupreise sowie der begrenzten Anzahl von Baufirmen schlicht unrealistisch; denn gleichzeitig müssen Straßen und Brücken saniert
                    werden, und das vorrangig.",neutral,
259,Mit anderen Worten: Er soll die jahrelange Vernachlässigung unseres Transportgewerbes unter CDU-Verantwortung und die Fortführung dieses Irrweges durch die Ampel korrigieren.,negativ,
260,Sie starten mit großen Ankündigungen von Aufbruch und Fortschritt und verlieren sich dann in Koalitionsstreitereien über Ideologie und Zuständigkeiten.,negativ,
261,Dafür arbeitet diese Ampel.,neutral,
262,"Die Fortschrittsregierung, wie sie sich gern nennt – das muss man an der Stelle leider so deutlich sagen –, hat keinen Blick für sie und offensichtlich auch kein Herz für Fortschritt und Zukunft.",negativ,
263,"Wie gesagt, sind da die Kinder und Jugendlichen noch nicht miteingerechnet.",neutral,
264,Deutschland ist bei vielen Rohstoffen zumeist vollständig auf den Import angewiesen.,neutral,
265,Aber wir gehen natürlich auch an die Wurzel des Problems.,neutral,
266,Einen umfassenden Wandel gab es hier mit der EU-Verordnung 2019/6 über Tierarzneimittel.,neutral,
267,Ich werde dazu einige kurze Anmerkungen machen.,neutral,
268,"Fest steht: Eine AU-Mission könnte zentraler Baustein dafür sein, dass die jetzige Mission in Mali schrittweise ausläuft.",neutral.,
269,Das gebietet allein die wirtschaftliche Vernunft.,neutral,
270,"Natürlich müssen wir uns auch die Angebotsseite anschauen, das Thema Energie.",neutral,
271,"Knapp 8 Prozent Inflation in 2022, 6 Prozent erwarten Sie für dieses Jahr.",neutral,
272,"Würden Sie die annehmen, würde weitaus mehr Geld zur Verfügung stehen als bei dem, was Sie vorschlagen.",neutral,
273,Es ist von vielen Kolleginnen und Kollegen der Ampel ausgeführt worden: Die Regierung ist handlungsfähig.,neutral,
274,"Denn am Ende zählt: Frauenrechte sind
                    Menschenrechte.",positiv,
275,Das war mein Ansatz.,neutral,
276,"Erwähnt sei, dass wir Maßnahmen für den Schutz vor Gewalt für Frauen und Kinder sichern und stärken.",positiv,
277,In Ihrem Einzelplan hilft dann auch die Suchfunktion nicht weiter.,neutral,
278,"Dazu gehört auch, dass diejenigen, die durch die hohen Energiepreise
                    sehr hohe Gewinne gemacht haben, ihren Beitrag leisten.",neutral,
279,Das Stichwort heißt: Kooperation.,neutral,
280,Insofern könnten Sie einen Beitrag zur Bürokratievereinfachung leisten und die Zinsen einfach auf null setzen.,neutral,
281,"Jeder einzelne Euro, meine Damen und Herren, der für Grundbildung ausgegeben wird, ist ein sinnvoll ausgegebener Euro zur Krisenbekämpfung, zur Krisenprävention und zur Friedensbildung.",positiv,
282,700 Gewerbegebiete werden im Laufe des Jahres davon profitieren.,positiv,
283,Die Absicherung einer Wahl kann dann Teil dieser Strategie sein.,neutral,
284,"Und es ist gut und richtig so, dass wir diese Signale setzen.",positiv,
285,"Dann sagen Sie, wie viel Geld Sie zu welchen Zwecken brauchen und wann Sie es brauchen.",neutral,
286,Und das beweisen wir auch immer wieder.,positiv,
287,Und ganz besonders: Liebe Genossen von der FDP!,neutral,
288,"Wir brauchen bessere Rahmenbedingungen für Investoren: eine Verbesserung der Abschreibungsregeln, steuerliche Anreize und eine Neuregelung bei der
                    Grunderwerbsteuer.",positiv,
289,Er errechnet sich aus verschiedenen anderen Sätzen.,neutral,
290,"Der befürchtete stärkste Wirtschaftseinbruch in der Geschichte der Bundesrepublik ist bisher nicht wahr geworden, auch weil die Bundesregierung nach drei Entlastungspaketen auch mal die Wirtschaft entdeckt hat und auch weil die Bundesregierung in der Krisenbewältigung in bestimmten Bereichen sehr pragmatisch gehandelt hat.",positiv,
291,"Auch wenn wir manche Meinungsunterschiede haben, sehe ich in Energiefragen immer wieder das Potenzial, zusammenzuarbeiten, wie wir es ja auch tun.",positiv,
292,"Mit einer kleinen Rente oder wenn man sich mit Hartz IV oder jetzt Bürgergeld einschränken muss, musste man sich nicht zwischen Lebensmitteln und Fahrschein entscheiden.",neutral,
293,"Ich möchte Ihnen raten: Wenn Sie einen unionsinternen Richtungsstreit haben, dann sollten Sie den innerhalb Ihrer Partei klären.",neutral,
294,"Ich würde Sie vor dem Hintergrund gerne fragen, wie Sie uns erklären wollen, dass Sie im Nachgang, nach April nächsten Jahres, also 2023, die
                    Energiesicherheit grundlastfähig gewährleisten können, wo Sie doch jetzt gerade beschlossen haben, final aus der Atom- bzw.",neutral,
295,"Sehr geehrte Damen und Herren, in den kommenden sieben Jahren müssen die Treibhausgasemissionen des Verkehrs im Vergleich zu 2019 um knapp 50 Prozent
                    reduziert werden.",neutral,
296,"Leider kommt es vor, dass bei Betriebsprüfungen dann gerade diese Klientel keine ordnungsgemäße Buchführung vorweisen kann.",negativ,
297,"Das sind die Momente, für die ich damals Lehrerin geworden bin.",positiv,
298,"Es gibt auch derzeit wieder umfassende Debatten im organisierten Sport und in der Bundespolitik über Voraussetzungen und Möglichkeiten für erneute
                    Bewerbungen Deutschlands um die Ausrichtung von Olympischen und Paralympischen Spielen.",neutral,
299,"Die einzige Antwort ist,
                    dass hier sämtliche Steuerungssysteme versagen und Fehlanreize wirken, die nun auch noch zementiert werden sollen, indem sich das geplante Bürgergeld zunehmend
                    als Einstieg in das bedingungslose Grundeinkommen entpuppt.",negativ,
300,In meiner Region – dort fängt die Veredelungsregion an; manche nennen sie auch liebevoll den Güllegürtel im Wahlkreis – sind die Schweinehalterinnen und Schweinehalter besonders stark belastet.,neutral,
301,Ich schäme mich für Sie.,negativ,
302,Sie haben sich damit selbst Frieden in der Koalition geschaffen.,positiv,
303,"Im kommenden Jahr werden die Rentenkürzer von der FDP dafür sorgen, dass die Rentenanpassung von ursprünglich erwarteten 5,4 Prozent auf 2,9 Prozent zusammengestrichen werden wird.",Negativ,
304,"Wenn wir heute schon bei dem Begriff „Revolution“ sind – das kann man
                    schon als revolutionär bezeichnen –, dann muss ich feststellen: Die gab es bei
                    den Wirtschaftsweisen.",neutral,
305,Das muss doch nicht sein.,neutral,
306,"Es ist erprobt, es ist das Rückgrat des europäischen Lufttransports, und mit diesem Modell stärken wir unsere Kooperationsfähigkeit in Europa.",neutral,
307,Geschätzte Frau Präsidentin!,neutral,
308,"Neben Geld braucht es die notwendige Forschungsinfrastruktur und mehr Wissenschaftlerinnen und Wissenschaftler, die sich mit dem Krankheitsbild beschäftigen wollen.",neutral,
309,"Ich würde Sie als
                    Ministerin gerne zur Internationalisierungsstrategie befragen.",neutral,
310,"Im Übrigen – das will ich hier auch noch mal sagen – haben wir es in einer kurzen Zeit bis Ende dieses Jahres geschafft, die LNG-Anlage in
                    Wilhelmshaven ans Netz zu bringen.",positiv,
311,Diese Unterstellung weise ich auf das Schärfste zurück.,neutral,
312,Sehr geehrte Frau Präsidentin!,neutral,
313,"die Sanierung kaputter Straßen, weil wir sonst die Klimaziele nicht erreichen.",negativ,
314,"Wenn man die Sache nüchtern betrachtet, dann kann man auch ganz schnell herausfinden, wie man zu diesem Schluss kommt: Bereits heute wird die gesetzliche Rentenversicherung mit knapp 100 Milliarden durch Haushaltsmittel gestützt, und zwar jährlich.",neutral,
315,Mit der Neuregelung wird diese Einschränkung etwas zurückgenommen.,neutral,
316,"Die Lösung ist also ganz einfach: nicht
                    Umverteilung, sondern Umsicht.",neutral,
317,"Alleine im
                    Verkehrssektor – das sagen die Sachverständigen der Bundesregierung – werden wir das Tempo vervierzehnfachen müssen.",negativ,
318,Und genau das versuchen wir vor dem Hintergrund einer Klimakrise und einer Energiekrise.,neutral,
319,"Ich habe auch Vorschläge gemacht, wie zum Beispiel den, die Außengastronomie in München nach dem ersten Lockdown sehr schnell auch auf Parkplätze zu verlagern, wo das möglich war.",positiv,
320,Ich bitte Sie daher um Ihre Zustimmung.,neutral,
321,Der Lebensunterhalt muss gesichert sein.,positiv,
322,"Die Anhörung am Montag im Ausschuss hat auch deutlich gemacht, dass dieser Schritt ein erster Schritt ist, aber nicht ausreicht und dass weitere Maßnahmen folgen müssen.",neutral,
323,Niemand sonst kennt die örtlichen Gegebenheiten in Fragen der Energie- und Wärmeversorgung so gut wie unsere Städte und Gemeinden.,neutral,
324,Wir müssen die Umsetzungsrichtlinie bis November in den Ländern in trockenen Tüchern haben.,neutral,
325,"Heute nun diskutieren wir darüber, wie der Staat Menschen dabei helfen sollte, ihr Leben zu beenden.",neutral,
326,"Nur wenn wir besser mit der Wissenschaft kommunizieren, wenn wir Verbände in die Missionsteams einbinden, durch die Förderung von Citizen Science oder sozialer Innovation, wird es uns gelingen, Herausforderungen wie die Energiewende, wie den Klimawandel, wie die Digitalisierung oder auch antidemokratische Bestrebungen zu bewältigen.",neutral,
327,"Wir erleben den Unterschied zwischen demokratischen und autokratischen Staaten im Umgang mit ihrer eigenen Geschichte: hier, jetzt im Deutschen Bundestag, und weniger als zwei Flugstunden weiter östlich, in Moskau.",neutral,
328,"Dass wir bereits im März das Gespräch mit den Betreibern gesucht und geführt haben, ist doch ein Ausweis dessen, dass wir auch die Expertise der Betreiber selbst in unsere Abwägung miteinbeziehen wollten und dass es dennoch kontrovers ist, weil auch die nukleare Sicherheit abgewogen werden musste unter dem Eindruck des Krieges von Russland und des Beschusses von Saporischschja, all das haben wir monatelang getan mit dem entsprechenden Ergebnis.",neutral,
329,In der Silvesternacht kam es in verschiedenen Großstädten zu völlig inakzeptablen Ausschreitungen.,negativ,
330,"Ich glaube, da lohnt es sich, zu fragen: Wer ist eigentlich zuständig?",neutral,
331,"Aus unserem engen und sehr freundschaftlichen Austausch mit vielen Jesidinnen und Jesiden – ich möchte hier auch den Einsatz unserer Kollegin Sabine Weiss würdigen – ergibt sich nicht nur der große Respekt für die Art und Weise, wie die Jesiden mit dem Horror eines barbarischen Genozids umgehen.",positiv,
332,Wahrscheinlich bleiben Sie bei Ihrer parteipolitischen Brille und sagen: Das machen wir nicht.,negativ,
333,Im Grunde lehnen Sie sie ab.,negativ,
334,"Mindestens zwei und aus unserer Sicht besser drei Kernkraftwerke – ja, auch das bedarf einiger Überwindung, gerade unserer geschätzten Koalitionspartner – werden am Netz bleiben, um auch im Winter und hoffentlich auch im Winter darauf zur Verfügung zu stehen.",neutral,
335,Wir werden mit den heutigen Regelungen der Energiewende einen neuen Schub geben; denn in der Tat werden wir ohne die EEG-Umlage die Sektorenkopplung voranbringen und auch neue wirtschaftliche Modelle schaffen.,positiv,
336,Das zeigen Ihre Kolleginnen und Kollegen aus Schleswig-Holstein.,neutral,
337,Nur fünf Tage nach dieser Unabhängigkeitserklärung wurde das jüngste Land der Welt das 193.,neutral,
338,Wir als Ampelkoalition wollen in dem Gesetz auch eine Übergangslösung haben.,neutral,
339,"Es gibt also viele gute Vorschläge, mit denen wir uns beschäftigen werden – und dann gibt es noch einen Antrag der AfD.",neutral,
340,Zweitens.,neutral,
341,– Das wünschen wir uns alle; aber viele Fachinstitute sehen das anders.,neutral,
342,Der muss aus unserer Sicht noch viel schneller gehen; wir alle kennen die Zahlen.,neutral.,
343,"Dabei geht es darum, Personal an ukrainischen Hochschulen zu halten und Studienmöglichkeiten im IT-Bereich anzubieten.",neutral,
344,"Ich finde, es gehört zur Fairness dazu, das mit zu erwähnen.",neutral,
345,"– Herr Minister, ich weiß nicht, ob Sie es wissen: Bundesumweltministerin Lemke hat eine Anfrage der Kollegin aus der Linksfraktion schriftlich dahin gehend beantwortet, dass die Bundesregierung beabsichtigt, bei der Höhe der Preise für Entlastung zu sorgen, also den durch die Steuern und Abgaben getriebenen Preisanstieg zu bekämpfen und nicht die Mehreinnahmen nachher wieder sozial an die Bürger auszuschütten.",neutral,
346,Diese Koalition macht das Land widerstandsfähiger.,positiv,
347,"Deswegen ist es richtig, dass wir sparen.",positiv,
348,– Ich erlaube Zwischenfragen.,neutral,
349,Wie ist Ihre Meinung?,"Es wurde kein Satz angegeben, um das Sentiment zu bewerten. Bitte geben Sie den Satz an, um Ihre Meinung zu erfahren und das Sentiment zu bewerten.",
350,"Dazu leistet der Globale Treuhandfonds für Nutzpflanzenvielfalt , wie mein Kollege Wolfgang Stefinger vorhin schon betont hat, einen ganz wichtigen Beitrag; denn wir wollen die Artenvielfalt sichern.",positiv,
351,"Da bleibt am Ende niemand mehr, dem der Mittelstand irgendwas verkaufen kann.",negativ,
352,"Fragen Sie doch mal Herrn Wadephul; der war, glaube ich, dabei.",neutral,
353,"Ich denke, dass wir uns nicht ausruhen können.",neutral,
354,– nach Ungarn.,neutral,
355,"Heute hat die CDU/CSU eine Aktuelle Stunde aufgesetzt, in der sie sich mit einem Buch beschäftigt, in dem alte Unterstellungen aufgewärmt werden.",negativ,
356,"Von daher finde ich es sehr begrüßenswert, dass Sie heute sagen: Jetzt erst recht!",positiv,
357,"Sie waren am Anfang sehr kritisch, was Abstimmungen in der Europäischen Union und in den Vereinten Nationen anging.",neutral,
358,Meine Damen und Herren!,neutral,
359,"Wir begrüßen es vom Grundsatz her auch, dass das Spruchverfahrensgesetz im Rahmen dieses Gesetzespaketes mit novelliert wird.",neutral,
360,"Der Haushalt umfasst auch humanitäre Hilfe in Höhe von 2,7 Milliarden Euro.",neutral,
361,"Ich erinnere auch noch mal daran, wer in den letzten 16 Jahren für das Verkehrsministerium verantwortlich war.",neutral,
362,Einige sind dort an den Folgen dieser Behandlung gestorben.,negativ,
363,Jemand aus Ihrer Partei hat auf dem Mahnmal für die ermordeten Juden Europas getanzt.,negativ,
364,"Die finanziellen Herausforderungen sind jetzt ausführlich dargestellt worden, und ich wende mich einer Bemerkung von Minister Lauterbach zu, der davon gesprochen hat, dass wir innovationsbereit bleiben und keine Leistungskürzungen vornehmen wollen.",Neutral,
365,"Ich will nicht, dass Menschen, bei harter Arbeit im Friseurhandwerk, das ein ordentlicher Ausbildungsberuf ist, abgespeist werden mit Löhnen, mit denen sie nicht über die Runden kommen.",neutral,
366,"Wir müssen einfach das nutzen, was jetzt schon da ist – eine völlig preiswerte Lösung, meine Damen und Herren.",positiv,
367,Heute ist das unvorstellbar.,neutral,
368,Eine Käuferin war die Mitarbeiterin des damaligen Landesvorsitzenden und des heutigen Abgeordneten Bystron.,neutral,
369,"Leider, meine Damen und Herren, ist Corona nicht vorbei.",negativ,
370,"In diesem Zusammenhang ist der Bundeshaushalt, über den wir heute abstimmen, keine Trendwende in der Finanzpolitik der Ampel, sondern ein weiteres Puzzleteil im Gesamtgefüge einer Finanz- und Haushaltspolitik, die auf Rekordschulden und eine Unterwanderung der Schuldenbremse
                    abzielt.",neutral,
371,"Auch hier ist die Bundesregierung gefordert, die Sozialbeiträge stabil zu halten; denn sie sind es letztendlich, die in besonderem Maße Geringverdiener belasten.",neutral,
372,Meine sehr verehrten Damen und Herren!,neutral,
373,"– Das war jetzt keine Antwort auf meine Frage, Herr Bundeskanzler, wie Sie 30 Millionen Impfungen bis Ende Januar erreichen wollen.",negativ,
374,"Aber ich möchte noch eines sagen: In der Lausitz – nur als ein Beispiel – haben Sie mit Ihrer Floskel, den Braunkohleausstieg „idealerweise“ bis 2030 zu erreichen, genau dieselbe Prinzip-Hoffnung-Strategie angewendet, die am Ende unverantwortlich ist und für Verunsicherung sorgt.",negativ,
375,"Aber die stimmen nach dem Mehrheitsprinzip ab, und der Europäischen Union würde es auch guttun, wenn wir dort mehr nach dem Mehrheitsprinzip abstimmen würden.",neutral,
376,"Wir wissen, dass unsere eigene Souveränität und das Wohlergehen unseres Landes und der Bevölkerung davon abhängig sind, dass wir in internationalen Organisationen integriert sind und mit unseren Nachbarn gut zusammenarbeiten.",neutral,
377,Der Energieminister ist heute in Europa im Kreis seiner Kollegen mit wichtigen Themen befasst.,neutral,
378,"– Das macht ihr, ja.",neutral,
379,Das gilt übrigens auch für den Nachfolger des Hochschulpakts und für die kommenden Bildungsplattformen.,neutral,
380,Sie hat ihren kleinen Sohn obduzieren lassen für die Forschung.,negativ,
381,"Wenn die Leute draußen hören könnten, was Sie hier
                    dazwischenplärren, wäre die Wiederwahl bei Ihnen, glaube ich, nicht mehr gesichert.",negativ,
382,"Das sind letztendlich keine Fragen, die man von heute auf morgen klären kann.",neutral,
383,Das sind die schlechten Vorschläge.,negativ,
384,"Das heißt: Jetzt wäre eine expansive Fiskalpolitik notwendig, um der Krise Herr zu werden und die Rezession einigermaßen in den Griff zu bekommen.",positiv,
385,"Das war sehr schlecht, was die
                    Ampel an dieser Stelle gemacht hat.",negativ,
386,Sie sind uns allen Mahnung und Auftrag.,neutral,
387,Was ist mit der dringend notwendigen Entlastung bei Steuern und Abgaben?,positiv,
388,Kommen Sie bitte zum Schluss.,neutral,
389,Fassen wir zusammen.,neutral,
390,"Dass Sie ausgerechnet der FDP vorwerfen, dass sie es in den 16 Jahren, in denen die CDU/CSU das Verteidigungsministerium verantwortet hat, und in einer Zeit, in der Wolfgang Schäuble Finanzminister war, nicht gebacken gekriegt hat, die Bundeswehr mit ausreichender Ausrüstung zu versorgen, das fand ich eigentümlich.",neutral,
391,Wir haben uns das etwas anders vorgestellt.,negativ,
392,"In der Fraktion der Union, aber, wie ich gerade gehört habe, auch bei den Grünen und der FDP herrscht offensichtlich die Überzeugung, immer mehr und immer schwerere Waffen leisteten einen Beitrag, dieses Ziel zu erreichen.",neutral,
393,Ich will vielleicht noch ein Wort zu Frau Weisgerber sagen.,neutral,
394,"Man kann sagen, dass Haushaltsdebatten auch immer etwas ganz Besonderes sind; denn wir debattieren eben über grundsätzliche Fragen.",neutral,
395,Eile ist geboten.,neutral,
396,Daher lehnen wir Ihre Anträge auch ab.,negativ,
397,"Nach den Reden der Kollegen der Ampelkoalition könnte der Bürger ja glatt den Eindruck bekommen, dass mit diesem Gesetzentwurf die Abfallberge im öffentlichen Raum oder die Abfallinseln im Ozean der Vergangenheit angehören würden.",neutral,
398,Liebe Kolleginnen und Kollegen!,neutral,
399,Bauen Sie Bürokratie ab!,negativ,
400,"„Jede Kilowattstunde zählt“, diese Parole von Minister Habeck muss endlich zur Maxime der Politik dieser Regierung werden.",positiv,
401,Ich bedanke mich für diese Debatte.,neutral,
402,"Das Thema ist deswegen hoch emotional, und die Argumentation scheint im ersten Moment simpel.",neutral,
403,Herzlichen Dank.,neutral,
404,Nächster Redner: für die CDU/CSU-Fraktion Alexander Dobrindt.,neutral,
405,"Das heißt: Die 30 000 vorhandenen
                    Windindustrieanlagen schafften zu diesem Zeitpunkt gerade einmal 1,3 von 58 Gigawatt.",neutral,
406,Sehr geehrte Kolleginnen und Kollegen!,neutral,
407,Vielen Dank.,neutral,
408,"Das ist ein gutes Signal, aber wir sehen auch, dass immer wieder Menschen diesen Beruf nach nur ein paar Jahren verlassen, weil sie mit der Überforderung und mit der Überarbeitung nicht klarkommen.",negativ,
409,"Es ist ein Linke-Tasche-rechte-Tasche-Spiel, indem Sie es bei den 2 Milliarden Euro vom KiTa-Qualitätsgesetz, Gute-KiTa-Gesetz wegnehmen und diese für
                    die Sprach-Kitas sozusagen zweckgebunden einsetzen.",neutral,
410,"Denn was Sie hier als sogenanntes Entlastungspaket vorlegen, ist – ich muss es so sagen – einfach eine Frechheit.",negativ,
411,Dafür stehen wir.,neutral,
412,Wir haben sehr lange an dem vorliegenden Antrag gearbeitet.,neutral,
413,"Wenn wir wissen, dass das Geld fehlt, dann müssen wir eben mehr Anstrengungen darauf verwenden, zu überlegen: Wie kann man den Krieg durch diplomatische Mittel tatsächlich beenden?",neutral,
414,"Die Zeitenwende, die wir durch den Angriffskrieg gegen die Ukraine auch in der Landwirtschaft erleben, muss auch Auswirkungen auf unsere Landwirtschaftspolitik in Deutschland haben.",neutral,
415,"Meine sehr verehrten Damen und Herren, wir sind in einer sehr schwierigen Lage.",negativ,
416,"Wir alle hier – außer die, die die Krise lieben – hätten uns eine v-förmige Erholung der Wirtschaft gewünscht.",neutral,
417,"Übrigens: Wer das gut macht, das ist der nordrhein-westfälische Innenminister Herbert Reul; er geht dagegen vor.",neutral,
418,"Unsere Forderungen an die Bundesregierung und an die Kommission als Leitplanken sind: Keine Kompromisse, keine Rabatte, kein Weichspüler in diesem Verfahren!",negativ,
419,Wir machen ein ganzheitliches Coaching.,neutral,
420,Sie haben sich schon lange von der konstruktiven Oppositionsarbeit verabschiedet.,negativ,
421,"Meine Damen und Herren, auch in den Organisationen der Staatengemeinschaft tut sich Wegweisendes.",neutral,
422,"Und ja, liebe Frau Klöckner, wir brauchen einen Turbo.",positiv,
423,"Die Menschen können sich auch darauf verlassen: Wir werden alles tun, um Versorgungssicherheit bei der Energie in diesem Land sicherzustellen, und wir werden dafür sorgen, dass wir niemanden in diesem Land alleinlassen.",positiv,
424,"Lieber Kollege Mordhorst, Sie haben gesagt – die Grünen haben es auch gesagt –, Sie täten jetzt das, was das Gericht Ihnen aufgetragen hat.",neutral,
425,Fast eine halbe Million von Beschäftigten allein in dieser Branche waren in Kurzarbeit.,neutral,
426,"Wir fordern ihn dazu auf, endlich einen vollwertigen Flüchtlingsgipfel einzuberufen.",positiv,
427,"Auch die Nachbeschaffung, etwa von Panzerhaubitzen, Munition und anderen Gütern, die wir aus Beständen der Bundeswehr an die Ukraine geliefert haben, wird in den kommenden Monaten unter Dach und Fach gebracht.",neutral,
428,Werfen Sie zum Beispiel einen Blick ins Herz unserer Hauptstadt.,neutral,
429,Zudem haben wir das Problem mit den Energiepreisen.,neutral,
430,"Ende Juni läuft das Mandat der Vereinten Nationen aus, und Kenntnisse über eine substanzielle Verbesserung des VN-Mandats haben wir nicht.",neutral,
431,"Das tun wir jetzt, und das ist gut so.",positiv,
432,Das ist doch nichts anderes als eine reine Steuerverbrennungsmaschine.,negativ,
433,"Sie weigern sich nach wie vor, Kernkraftwerke weiterlaufen zu lassen.",negativ,
434,"Aber der größte Fehler wäre, dieses Gesetz nicht zu beschließen.",positiv,
435,"Auch das ist genau das richtige Signal an die Unternehmen in diesem
                    Land.",positiv,
436,Sehr geehrte Damen und Herren!,neutral,
437,Frau Präsidentin!,neutral,
438,Aber wir haben schon sehr viele Klimaschutzprojekte; wir haben sehr viele Projekte im Bereich der Biodiversität.,neutral,
439,"Oder anders ausgedrückt: Noch Ende Januar wollte das Ampelkabinett keinen einzigen Cent mehr für die Sicherheit Deutschlands, für die bessere Ausrüstung der Bundeswehr ausgeben.",negativ,
440,Spätestens seit dem russischen Angriffskrieg auf die Ukraine hat das KFOR-Mandat in diesem besonders angespannten Umfeld an Bedeutung für die europäische Sicherheit dazugewonnen.,neutral,
441,"Liebe Frau Englhardt-Kopf, schön dass Sie gesprochen haben.",positiv,
442,Wir müssen da einfach schneller werden.,neutral,
443,Sehr geehrte Frau Präsidentin!,neutral,
444,Gerade deshalb muss Deutschland Verantwortung übernehmen und eine Vorreiterrolle bei der Einhaltung internationaler Verträge und der Menschenrechte einnehmen.,positiv,
445,"Aber auf 3 300 Seiten ist nicht ein einziges Mal von menschlicher
                    Intelligenz die Rede, kein einziges Mal.",neutral,
446,"Und wollen Sie damit sagen, dass die Ausführungen des Verfassungsschutzpräsidenten in Deutschland, Thomas Haldenwang, der genau das gefordert hat, verfassungsfeindlich sind und dass wir einen Verfassungsschutzpräsidenten haben, der derartige Forderungen erhebt?",neutral,
447,Ich könnte so weitermachen.,neutral,
448,"Wir werden
                    jetzt mit einem Betrag von 40 Milliarden Euro im Jahr 2023 planen, 36 Milliarden Euro mehr als vor zwei Jahren.",neutral,
449,Denn sie muss den schweren Spagat zwischen einfacher und niedrigschwelliger Bedienung einerseits und einer sehr hohen Sicherheit andererseits schaffen.,neutral,
450,Wir waren noch nie so wiedervereint wie heute.,positiv,
451,Ihre sogenannte Energiewende führt zu dem jahrelangen Anstieg der Energiepreise.,negativ,
452,"Einige Punkte unterstützen wir, andere gehen uns nicht weit genug.",neutral,
453,Prominente Vertreter aus der Fraktion Die Linke hatten bis zuletzt den russischen Truppenaufmarsch an der Grenze zur Ukraine verteidigt.,neutral,
454,"Eigentlich geht es ja nicht um Geld, sondern es geht um die Fragen: Wo ist die Munition?",neutral,
455,Frau Präsidentin!,neutral,
456,"Wir wollen mit rechtsstaatlichen Mitteln die Oligarchen bekämpfen und dabei so weit gehen, wie wir können, aber eben auch nicht weiter, als es der Rechtsstaat zulässt.",neutral,
457,Wir gehen das jetzt an.,neutral.,
458,"Die Frage ist jetzt: Können wir diese Erfahrungen, die dort gesammelt worden sind, in eine pandemiebedingte Triage-Situation transferieren?",neutral,
459,Wir haben Entlastungspakete auf den Weg gebracht und müssen jetzt schnell Hilfen für kleine und mittlere Unternehmen bereitstellen.,positiv,
460,"Wir brauchen daher einen besseren Schutz und eine weitere Klarstellung für ehrenamtliche Richterinnen und Richter Weiter gibt es die besorgniserregende Entwicklung, dass antidemokratische Kräfte das ehrenamtliche Richteramt unterwandern wollen.",neutral,
461,"Trotz aller Kraft, die wir daransetzen, diese Krise zu meistern, diese Bewährungsprobe für unser Land wirtschaftlich und sozial zu bewältigen, dürfen
                    wir dabei nicht vernachlässigen, dass diese Gesellschaft nicht nur Krisenmanagement braucht, sondern sie braucht auch Fortschritt.",positiv,
462,"Wir werden dafür sorgen, dass die Kosten vernünftig verteilt werden und dass nicht die Menschen, die sehr wenig verdienen oder die in der Mitte der Gesellschaft stehen, besonders belastet werden.",neutral,
463,"Vielen Dank, Herr Kollege Dr. Lenz.",neutral,
464,– Nein.,negativ,
465,"Und Sie beschäftigen uns damit, dass Sie sagen, dass das doch so sein muss.",neutral,
466,"Dazu kommt: Neben dem Gehalt gibt es viele weitere Stellschrauben, die in den Blick genommen werden können und auch müssen: Die Entlastung der Pflegekräfte durch Entbürokratisierung und auch durch Digitalisierung ist ein Ansatz wie auch bessere Vereinbarkeit von Familie und Beruf, weitere Akquirierung von Pflegekräften im In- und auch im Ausland, bessere und auch effektivere Personalplanungen in den Einrichtungen.",neutral,
467,"Wo ist denn das 100‑Milliarden-Programm für Bildung, für Krankenhäuser, für ÖPNV, für Digitalisierung?",neutral.,
468,"Ich darf an der Stelle, Herr Bundesminister Pistorius, aber auch die Gelegenheit wahrnehmen, Ihnen hier im Deutschen Bundestag für Ihr neues Amt aufrichtig viel Erfolg zu wünschen – viel Erfolg an dieser Stelle!",positiv,
469,14 Grundgesetz)“.,neutral,
470,"Eine vernünftige Finanzpolitik für unsere Welt von heute stärkt dagegen die finanzielle Unabhängigkeit der Frauen und damit unsere Familien,
                    unsere Wirtschaft und unsere gesamte Gesellschaft.",positiv,
471,"Ich freue mich deshalb wahnsinnig auf die größte Familienrechtsreform der letzten Jahrzehnte, die der Minister angekündigt hat; denn sie wird vielen Menschen tatsächlich in ihrer Lebensrealität helfen.",positiv,
472,"Ich habe bei einem Ihrer Kollegen schon mehrfach dazwischengerufen, dass er das Wort doch einfach einmal in diesem Zusammenhang erwähnen möge.",neutral,
473,"Wir haben jetzt erstmalig in der Menschheitsgeschichte die Möglichkeit, mit einer Impfung diesen Teufelskreis zu durchbrechen.",positiv,
474,Wenden Sie Schaden vom deutschen Volke ab.,negativ,
475,"Frau Aschenberg-Dugnus, Sie dürfen jetzt noch nachfragen.",neutral,
476,Vielen Dank.,positiv,
477,"Ich finde es – auch das noch mal als Ergänzung – ehrlicherweise ziemlich schräg, wenn Sie schreiben: Es ist Privatsache der erwachsenen Nutzer von Telegram.",neutral,
478,Das sind enorme Verpflichtungen für die Zukunft.,positiv,
479,Gerade als Parlament haben wir unsere Verantwortung sehr ernst genommen.,neutral,
480,Alle bisherigen Haushalte stellten immer ungenügende Finanzmittel zur Verfügung.,negativ,
481,Frau Präsidentin!,neutral,
482,"Das natürliche Gleichgewicht wird dort kaum von
                    menschlichen Aktivitäten beeinflusst.",neutral,
483,"Wir sehen in der Krise ganz besonders, wie komplex die Wertschöpfungsketten in unserer Volkswirtschaft sind und welche extremen Konsequenzen Ausfälle in diesen Wertschöpfungsketten haben können.",neutral,
484,"2023 wird das Jahr, in dem wir im Betäubungsmittelgesetz endlich für Gerechtigkeit sorgen und ein Stück weit Geschichte schreiben werden: Wir entkriminalisieren Cannabis.",positiv,
485,"Ich bin außerdem der Meinung: Wenn es am Abfahrtsbahnhof keinen funktionierenden oder barrierefreien Fahrkartenautomaten gibt, sollte es möglich sein, Fahrkarten ohne Aufpreis an Bord des Zuges zu kaufen.",neutral,
486,Zudem können wir die Bundeswehr nicht überstrapazieren.,neutral,
487,Die Menschen leiden immer noch unter hohen Mieten.,negativ,
488,"Liebe Kollegin Steinmüller, wenn Sie
                    sagen, es braucht keine neue Wohnungen, dann steht das diametral zu dem, was die Kollegin Geywitz gesagt hat, die 600 000 neue Wohnungen für erforderlich hält, und 200 000, 250 000 werden
                    gebaut.",neutral,
489,"Gerade im Kontext des Wissenschaftszeitvertragsgesetzes ist das etwas, was an vielen Hochschulen dazu führt, dass Arbeitsverträge jetzt anders angeguckt
                    werden.",neutral,
490,Das ist für deutsche Verhältnisse geradezu Warpgeschwindigkeit.,positiv,
491,"Liebe Kolleginnen und Kollegen, fest steht auch ganz klar: Wir brauchen ein Impfregister.",neutral,
492,Sie haben doch die letzten 16 Jahre regiert.,neutral,
493,"Wir haben zum Zeitpunkt der Bildung dieser Koalition
                    nicht darüber diskutiert.",neutral,
494,Viertens.,neutral,
495,Die in dieser Zeit vielzitierte Zeitenwende erfordert von uns allen neues Denken und neues Handeln.,neutral,
496,Unser Beitrag zu Freiheit und Unabhängigkeit muss auch in der Sicherung der Welternährung liegen.,neutral,
497,"Es bietet Arbeitschancen für die, die bei uns sich engagieren wollen.","Der Satz hat ein positives Sentiment, da er darauf hinweist, dass es Arbeitschancen für diejenigen gibt, die sich engagieren wollen.",
498,"Auch ich bin tief enttäuscht von dem, was in den letzten Tagen passiert ist.",negativ,
499,Das wäre der falsche Weg.,negativ,
500,Davon sind 150 tatsächlich einsatzbereit.,neutral,
501,"Wir sehen ukrainische Männer, die in Scharen zu den Waffen greifen, um russische Panzer abzuschießen.",negativ.,
502,"Nur weil mein Opa, der wie ein Schlot geraucht hat, über 90 Jahre alt ist, kann ich trotzdem nicht die Aussage treffen, dass Rauchen nicht gesundheitsschädlich ist.",neutral,
503,Es schafft Flexibilität und stärkt damit die Vereine.,positiv,
504,"Und diese Stabilität erreichen wir auch, indem wir Krisenresilienz vorantreiben.",neutral,
505,"Dafür darf ich heute für die Bundesregierung ankündigen, dass Deutschland der Initiative „Zero-Emission Shipping“ beigetreten ist.",positiv,
506,Wir brauchen die Zuwanderung in den Arbeitsmarkt.,neutral,
507,"Aber, diese Freistellung entspricht entgegen Ihrem heutigen Artikel keiner Pflicht gemäß der EU-Vereinbarkeitsrichtlinie.",neutral,
508,Alleine die Wiedervernässung der Moore hat das Potenzial an CO2-Vermeidung in der Größenordnung der derzeit erwarteten Restemissionen.,neutral,
509,– darf ich etwas sagen?,neutral,
510,"Wir müssen alles tun, um zivile Instrumente und die humanitäre Hilfe zu stärken.",positiv,
511,"Wenn wir über den Öffentlich-Rechtlichen reden, müssen wir uns klar werden, was wir wollen und was wir nicht wollen.",neutral,
512,Auch das Beheizen privater Pools soll verboten sein – außer wenn sie dadurch frostfrei gehalten werden.,neutral,
513,"CDU und CSU haben dann einen Antrag für eine Sperre der DATI-Haushaltsmittel eingebracht, die nur durch das Parlament aufgehoben werden kann.",neutral,
514,Das Lager der Schande muss geschlossen werden.,negativ,
515,Ruppert Stüwe hat das Wort für die SPD-Fraktion.,neutral,
516,Das ist aber keine seriöse Planung für die Truppe und erst recht keine angemessene Informationspolitik gegenüber diesem Parlament.,negativ,
517,"Also, wir haben eine neue Handelsagenda beschlossen und die noch einmal neu aufgelegt, in der wir explizit sagen: Wir wollen eine transatlantische Partnerschaft.",positiv,
518,"Nein, Ihre Redezeit wird angehalten.",negativ,
519,– Danke.,neutral,
520,Es gibt gute Gründe gegen die Geldstrafe; aber dann müssen Sie Alternativen benennen.,neutral,
521,Uns allen ist klar: Die Pandemie ist nicht vorbei.,neutral,
